<?xml version="1.0" encoding="UTF-8"?>
<!DOCTYPE suite SYSTEM "https://testng.org/testng-1.0.dtd">
<suite name="Automation Exercise Test Suite">
    <test name="Test Cases 8-14">
        <classes>
            <class name="tests.TC08_VerifyAllProducts"/>
            <class name="tests.TC09_SearchProduct"/>
            <class name="tests.TC10_SubscriptionHome"/>
            <class name="tests.TC11_SubscriptionCart"/>
            <class name="tests.TC12_AddProductsCart"/>
            <class name="tests.TC13_ProductQuantity"/>
            <class name="tests.TC14_PlaceOrder"/>
        </classes>
    </test>
</suite>